--
-- PostgreSQL database dump
--

-- Dumped from database version 17.4
-- Dumped by pg_dump version 17.0

-- Started on 2025-06-03 12:05:55

SET statement_timeout = 0;
SET lock_timeout = 0;
SET idle_in_transaction_session_timeout = 0;
SET transaction_timeout = 0;
SET client_encoding = 'UTF8';
SET standard_conforming_strings = on;
SELECT pg_catalog.set_config('search_path', '', false);
SET check_function_bodies = false;
SET xmloption = content;
SET client_min_messages = warning;
SET row_security = off;

--
-- TOC entry 4 (class 2615 OID 2200)
-- Name: public; Type: SCHEMA; Schema: -; Owner: pg_database_owner
--

CREATE SCHEMA public;


ALTER SCHEMA public OWNER TO pg_database_owner;

--
-- TOC entry 4828 (class 0 OID 0)
-- Dependencies: 4
-- Name: SCHEMA public; Type: COMMENT; Schema: -; Owner: pg_database_owner
--

COMMENT ON SCHEMA public IS 'standard public schema';


SET default_tablespace = '';

SET default_table_access_method = heap;

--
-- TOC entry 218 (class 1259 OID 32771)
-- Name: aluno; Type: TABLE; Schema: public; Owner: postgres
--

CREATE TABLE public.aluno (
    id bigint NOT NULL,
    cpf character varying(255),
    email character varying(255),
    nome character varying(255)
);


ALTER TABLE public.aluno OWNER TO postgres;

--
-- TOC entry 217 (class 1259 OID 32770)
-- Name: aluno_id_seq; Type: SEQUENCE; Schema: public; Owner: postgres
--

ALTER TABLE public.aluno ALTER COLUMN id ADD GENERATED BY DEFAULT AS IDENTITY (
    SEQUENCE NAME public.aluno_id_seq
    START WITH 1
    INCREMENT BY 1
    NO MINVALUE
    NO MAXVALUE
    CACHE 1
);


--
-- TOC entry 225 (class 1259 OID 32803)
-- Name: aluno_seq; Type: SEQUENCE; Schema: public; Owner: postgres
--

CREATE SEQUENCE public.aluno_seq
    START WITH 1
    INCREMENT BY 50
    NO MINVALUE
    NO MAXVALUE
    CACHE 1;


ALTER SEQUENCE public.aluno_seq OWNER TO postgres;

--
-- TOC entry 220 (class 1259 OID 32783)
-- Name: disciplina; Type: TABLE; Schema: public; Owner: postgres
--

CREATE TABLE public.disciplina (
    id bigint NOT NULL,
    carga_horaria integer,
    nome character varying(255),
    professor_id bigint
);


ALTER TABLE public.disciplina OWNER TO postgres;

--
-- TOC entry 219 (class 1259 OID 32782)
-- Name: disciplina_id_seq; Type: SEQUENCE; Schema: public; Owner: postgres
--

ALTER TABLE public.disciplina ALTER COLUMN id ADD GENERATED BY DEFAULT AS IDENTITY (
    SEQUENCE NAME public.disciplina_id_seq
    START WITH 1
    INCREMENT BY 1
    NO MINVALUE
    NO MAXVALUE
    CACHE 1
);


--
-- TOC entry 222 (class 1259 OID 32789)
-- Name: matricula_aluno; Type: TABLE; Schema: public; Owner: postgres
--

CREATE TABLE public.matricula_aluno (
    id bigint NOT NULL,
    nota1 double precision,
    nota2 double precision,
    status character varying(255),
    aluno_id bigint,
    disciplina_id bigint,
    CONSTRAINT matricula_aluno_status_check CHECK (((status)::text = ANY ((ARRAY['MATRICULADO'::character varying, 'APROVADO'::character varying, 'REPROVADO'::character varying, 'TRANCADO'::character varying])::text[])))
);


ALTER TABLE public.matricula_aluno OWNER TO postgres;

--
-- TOC entry 221 (class 1259 OID 32788)
-- Name: matricula_aluno_id_seq; Type: SEQUENCE; Schema: public; Owner: postgres
--

ALTER TABLE public.matricula_aluno ALTER COLUMN id ADD GENERATED BY DEFAULT AS IDENTITY (
    SEQUENCE NAME public.matricula_aluno_id_seq
    START WITH 1
    INCREMENT BY 1
    NO MINVALUE
    NO MAXVALUE
    CACHE 1
);


--
-- TOC entry 224 (class 1259 OID 32796)
-- Name: professor; Type: TABLE; Schema: public; Owner: postgres
--

CREATE TABLE public.professor (
    id bigint NOT NULL,
    cpf character varying(255),
    email character varying(255),
    nome character varying(255)
);


ALTER TABLE public.professor OWNER TO postgres;

--
-- TOC entry 223 (class 1259 OID 32795)
-- Name: professor_id_seq; Type: SEQUENCE; Schema: public; Owner: postgres
--

ALTER TABLE public.professor ALTER COLUMN id ADD GENERATED BY DEFAULT AS IDENTITY (
    SEQUENCE NAME public.professor_id_seq
    START WITH 1
    INCREMENT BY 1
    NO MINVALUE
    NO MAXVALUE
    CACHE 1
);


--
-- TOC entry 4815 (class 0 OID 32771)
-- Dependencies: 218
-- Data for Name: aluno; Type: TABLE DATA; Schema: public; Owner: postgres
--

COPY public.aluno (id, cpf, email, nome) FROM stdin;
1	123.123.123.-12	kamilly@iesp.com	Kamilly
2	123.123.123.-12	Ruam@iesp.com	Ruam
3	123.123.123.-12	Mailson@iesp.com	Mailson
4	123.123.123.-12	Samuel@iesp.com	Samuel
5	123.123.123.-12	Samuel@iesp.com	Samuel
6	123.123.123.-12	Samuel@iesp.com	Nadine Brakus Jr.
7	123.123.123.-12	Colby87@hotmail.com	Thomas O'Reilly
8	123.123.123.-12	Breanne43@hotmail.com	Mrs. Nancy Brekke
\.


--
-- TOC entry 4817 (class 0 OID 32783)
-- Dependencies: 220
-- Data for Name: disciplina; Type: TABLE DATA; Schema: public; Owner: postgres
--

COPY public.disciplina (id, carga_horaria, nome, professor_id) FROM stdin;
1	60	Backend Kelson	1
2	60	Frontend Kelson	1
3	60	Logica Matematica	2
4	60	Estrutura de Dados	2
\.


--
-- TOC entry 4819 (class 0 OID 32789)
-- Dependencies: 222
-- Data for Name: matricula_aluno; Type: TABLE DATA; Schema: public; Owner: postgres
--

COPY public.matricula_aluno (id, nota1, nota2, status, aluno_id, disciplina_id) FROM stdin;
2	7.5	8	APROVADO	2	2
1	7.5	2	REPROVADO	5	1
3	9	10	APROVADO	4	4
\.


--
-- TOC entry 4821 (class 0 OID 32796)
-- Dependencies: 224
-- Data for Name: professor; Type: TABLE DATA; Schema: public; Owner: postgres
--

COPY public.professor (id, cpf, email, nome) FROM stdin;
1	123.123.123.12	Clay.Pollich@yahoo.com	Bradford Ritchie
2	123.123.123.12	Marjolaine18@gmail.com	Alfred Ritchie
3	123.123.123.12	Retta.Gottlieb92@hotmail.com	Sean Dooley
4	123.123.123.12	Alphonso48@hotmail.com	Olga Ryan
\.


--
-- TOC entry 4829 (class 0 OID 0)
-- Dependencies: 217
-- Name: aluno_id_seq; Type: SEQUENCE SET; Schema: public; Owner: postgres
--

SELECT pg_catalog.setval('public.aluno_id_seq', 1, false);


--
-- TOC entry 4830 (class 0 OID 0)
-- Dependencies: 225
-- Name: aluno_seq; Type: SEQUENCE SET; Schema: public; Owner: postgres
--

SELECT pg_catalog.setval('public.aluno_seq', 51, true);


--
-- TOC entry 4831 (class 0 OID 0)
-- Dependencies: 219
-- Name: disciplina_id_seq; Type: SEQUENCE SET; Schema: public; Owner: postgres
--

SELECT pg_catalog.setval('public.disciplina_id_seq', 4, true);


--
-- TOC entry 4832 (class 0 OID 0)
-- Dependencies: 221
-- Name: matricula_aluno_id_seq; Type: SEQUENCE SET; Schema: public; Owner: postgres
--

SELECT pg_catalog.setval('public.matricula_aluno_id_seq', 3, true);


--
-- TOC entry 4833 (class 0 OID 0)
-- Dependencies: 223
-- Name: professor_id_seq; Type: SEQUENCE SET; Schema: public; Owner: postgres
--

SELECT pg_catalog.setval('public.professor_id_seq', 4, true);


--
-- TOC entry 4659 (class 2606 OID 32777)
-- Name: aluno aluno_pkey; Type: CONSTRAINT; Schema: public; Owner: postgres
--

ALTER TABLE ONLY public.aluno
    ADD CONSTRAINT aluno_pkey PRIMARY KEY (id);


--
-- TOC entry 4661 (class 2606 OID 32787)
-- Name: disciplina disciplina_pkey; Type: CONSTRAINT; Schema: public; Owner: postgres
--

ALTER TABLE ONLY public.disciplina
    ADD CONSTRAINT disciplina_pkey PRIMARY KEY (id);


--
-- TOC entry 4663 (class 2606 OID 32794)
-- Name: matricula_aluno matricula_aluno_pkey; Type: CONSTRAINT; Schema: public; Owner: postgres
--

ALTER TABLE ONLY public.matricula_aluno
    ADD CONSTRAINT matricula_aluno_pkey PRIMARY KEY (id);


--
-- TOC entry 4665 (class 2606 OID 32802)
-- Name: professor professor_pkey; Type: CONSTRAINT; Schema: public; Owner: postgres
--

ALTER TABLE ONLY public.professor
    ADD CONSTRAINT professor_pkey PRIMARY KEY (id);


--
-- TOC entry 4667 (class 2606 OID 32814)
-- Name: matricula_aluno fk4mtt3iew11xcs5i7tshj7la9q; Type: FK CONSTRAINT; Schema: public; Owner: postgres
--

ALTER TABLE ONLY public.matricula_aluno
    ADD CONSTRAINT fk4mtt3iew11xcs5i7tshj7la9q FOREIGN KEY (disciplina_id) REFERENCES public.disciplina(id);


--
-- TOC entry 4668 (class 2606 OID 32809)
-- Name: matricula_aluno fkn1iea49e3kxfecd5e27i7lvak; Type: FK CONSTRAINT; Schema: public; Owner: postgres
--

ALTER TABLE ONLY public.matricula_aluno
    ADD CONSTRAINT fkn1iea49e3kxfecd5e27i7lvak FOREIGN KEY (aluno_id) REFERENCES public.aluno(id);


--
-- TOC entry 4666 (class 2606 OID 32804)
-- Name: disciplina fkoqie7f1kx32b1atco9fpgxd7g; Type: FK CONSTRAINT; Schema: public; Owner: postgres
--

ALTER TABLE ONLY public.disciplina
    ADD CONSTRAINT fkoqie7f1kx32b1atco9fpgxd7g FOREIGN KEY (professor_id) REFERENCES public.professor(id);


-- Completed on 2025-06-03 12:05:56

--
-- PostgreSQL database dump complete
--

